id,title,author,availability
1,title10,author10,1
1,title10,author10,1
test_result,correct,200,
2,title1,author10,1
2,title1,author10,1
test_result,correct,200,
3,titl0e1,author10,1
3,title1,author1,1
test_result,failed,400,
4,title10,author1,1
4,title10,author1,1
test_result,correct,200,
5,title10,author10,1
5,title10,author10,1
test_result,correct,200,
6,title10,author1,1
6,title10,author1,1
test_result,correct,200,
7,titl0e108,author1,1
7,title108,author1,1
test_result,failed,400,
8,title108,author14,1
8,title108,author14,1
test_result,correct,200,
9,title108,author16,1
9,title108,author16,1
test_result,correct,200,
10,title103,aut0hor16,1
10,title103,author16,1
test_result,failed,400,
