id,username,email,age
13,43,4,0
13,4,4,0
test_result,failed,400,
1,test2,test2,0
1,test2,test2,0
test_result,correct,200,
12,test2,test1,0
12,test2,test1,0
test_result,correct,200,
4,test20,tes5t30,0
4,test20,test30,0
test_result,failed,400,
2,test20,test2,0
2,test20,test2,0
test_result,correct,200,
3,test20,test20,0
3,test20,test20,0
test_result,correct,200,
5,test310,test30,0
5,test310,test30,0
test_result,correct,200,
6,test310,test110,0
6,test310,test110,0
test_result,correct,200,
7,tes44t340,test1130,0
7,test340,test1130,0
test_result,failed,400,
11,test3405,test1,0
11,test3405,test1,0
test_result,correct,200,
10,test3405,test0,0
10,test3405,test0,0
test_result,correct,200,
8,test3405,test3331130,0
8,test3405,test1130,0
test_result,failed,400,
9,test3405,test11330,0
9,test3405,test11330,0
test_result,correct,200,
